pid,type,bc,psr,trg,conv
456,PASS,,RC-2800,RI-0200,1
1276,RUSH,KF-0200,,,0
1408,RUSH,JS-6500,,,1
1621,PASS,,JP-3200,DB-3100,0
1766,PASS,,RL-0300,FJ-0500,0
2412,RUSH,OG-0300,,,0
2422,PASS,,KW-0500,AH-0200,0
2528,PASS,,TB-0200,BC-1600,1
2779,PASS,,BF-0100,TD-0800,1
3052,RUSH,MA-1000,,,1
3738,PASS,,DM-2200,CJ-1400,0
3861,PASS,,,,0
3904,PASS,,JB-3800,WJ-0200,0
4071,PASS,,RM-4300,TO-0200,1
4705,RUSH,TJ-2700,,,0
4881,RUSH,CM-0600,,,0
6138,RUSH,LJ-1000,,,0
7955,PASS,,GF-0400,RS-2100,0
8050,PASS,,EG-0600,TR-0300,0
9004,PASS,,VT-0200,LC-0800,1
9169,RUSH,RD-0700,,,0
9461,RUSH,EJ-0200,,,1
9569,PASS,,TA-0300,JH-1800,1
10084,RUSH,MA-1000,,,0
10136,PASS,,BG-1900,EM-0500,1
11427,PASS,,DM-2200,TS-1900,1
11717,RUSH,SP-1400,,,0
12586,PASS,,BF-0100,DD-2600,1
13558,RUSH,RG-0200,,,1
15308,RUSH,TB-0400,,,0
15718,PASS,,KL-1700,LF-0300,1
15741,RUSH,MF-0300,,,0
15763,RUSH,MF-0300,,,1
15784,RUSH,MF-0300,,,1
15832,RUSH,JA-1600,,,1
15842,PASS,,KW-0500,RW-2900,1
16021,RUSH,BB-1100,,,0
16381,RUSH,JS-6500,,,1
16610,PASS,,CC-1400,RK-0200,0
17411,PASS,,PM-0200,TW-2100,0
17718,PASS,,EG-0600,DA-0600,0
17759,PASS,,TG-1600,TH-2300,0
17901,PASS,,DC-4400,MW-2900,1
18559,PASS,,VT-0200,RA-1100,0
19675,RUSH,JS-6500,,,1
20402,PASS,,JK-1500,CF-0300,0
20721,PASS,,JH-1100,TF-0700,0
20941,RUSH,KH-1500,,,0
20978,RUSH,JP-3200,,,0
21312,PASS,,PM-0200,MP-1500,1
21354,RUSH,EJ-0200,,,0
21806,PASS,,SC-0200,JM-6400,1
22172,RUSH,TJ-0400,,,1
22815,RUSH,JH-1100,,,0
23141,RUSH,SB-0700,,,1
23800,RUSH,KF-0200,,,1
25285,PASS,,MH-1600,AF-1300,0
25633,PASS,,VT-0200,MC-2100,1
27305,PASS,,AB-2900,WJ-0200,0
27631,PASS,,DB-4500,DB-3100,0
28076,PASS,,KS-2300,MB-4400,0
28094,RUSH,RH-3400,,,1
28235,PASS,,JG-1000,JT-2800,0
28430,RUSH,CW-0700,,,0
31185,RUSH,AS-2500,,,0
32530,PASS,,JG-0600,JS-6900,1
33744,PASS,,,,0
33830,PASS,,JG-1000,AC-2300,0
34433,PASS,,EG-0600,TG-1300,0
34878,RUSH,TA-0500,,,1
34900,RUSH,WR-0500,,,0
35028,PASS,,KW-0500,AH-0200,0
35086,PASS,,DC-4400,RM-5000,1
35549,RUSH,CM-2600,,,0
35577,RUSH,SB-1900,,,1
35897,PASS,,JK-1500,SD-0500,0
35916,PASS,,,,0
36388,RUSH,JF-0700,,,0
36405,PASS,,SB-0700,MM-5500,0
38338,PASS,,MB-4500,KB-1700,1
38478,PASS,,,,0
38653,PASS,,EG-0600,SM-3500,0
38747,RUSH,JL-1400,,,1
39150,RUSH,SK-0400,,,1
39620,RUSH,MF-0300,,,0
40534,PASS,,PM-0200,KD-1000,1
40775,RUSH,MF-0300,,,0
40800,PASS,,KW-0500,MF-0300,1
41277,PASS,,AB-2900,JR-0900,0
43422,RUSH,RG-0200,,,1
45379,PASS,,DF-1300,CC-4100,0
45605,PASS,,RJ-1200,PP-1000,0
46064,RUSH,JM-3500,,,1
46248,PASS,,RP-1900,EC-0400,0
46290,RUSH,JG-0600,,,0
46339,PASS,,KW-0500,RP-1900,1
46617,PASS,,BG-1900,DC-0800,1
47233,PASS,,BF-0100,AF-1300,1
47928,PASS,,PM-0200,MH-1200,0
48921,PASS,,CS-4100,TH-0400,0
48933,PASS,,CS-4100,MW-1600,0
49381,PASS,,EG-0600,BS-4100,0
49419,PASS,,JR-2300,DP-1500,0
49472,PASS,,AV-0200,SJ-0100,0
50102,RUSH,DM-0700,,,0
50161,RUSH,DC-4400,,,1
50895,RUSH,EJ-1100,,,0
51599,PASS,,CC-1400,SJ-0400,1
51752,PASS,,,,0
51791,PASS,,,,0
52091,PASS,,JK-1500,RD-2100,1
52302,PASS,,RC-2800,QI-0100,0
52456,PASS,,TG-1600,TG-1300,1
52589,PASS,,CB-0900,GC-1000,0
52766,RUSH,DB-1500,,,0
53281,PASS,,KW-0500,AH-0200,0
53427,PASS,,SM-2400,KD-1900,1
53612,RUSH,EJ-0200,,,0
54418,PASS,,RC-2800,QI-0100,1
54541,PASS,,SM-2400,DB-1700,1
54724,PASS,,PM-0200,KD-1000,1
54899,PASS,,DC-4400,JR-0900,1
54931,PASS,,BF-0100,WH-0600,0
55986,RUSH,TG-1600,,,1
56008,PASS,,PM-0200,EJ-0200,1
56175,PASS,,RC-2800,BS-4100,0
56190,PASS,,RC-2800,TT-0400,0
56541,RUSH,AT-0500,,,1
56930,PASS,,CB-0900,LF-0600,0
56966,PASS,,CB-0900,LW-0400,1
57603,RUSH,RW-2600,,,0
57612,PASS,,,,0
57768,RUSH,DC-4400,,,1
57805,PASS,,DC-4400,BC-0800,0
57974,PASS,,TB-0200,DB-1600,1
59626,PASS,,TG-1600,MR-0800,0
60346,PASS,,BG-1900,RS-2100,0
60382,PASS,,BG-1900,RS-2100,1
60417,RUSH,MA-1000,,,1
61172,RUSH,TF-0700,,,0
61857,PASS,,AV-0200,EM-1800,1
62242,PASS,,AB-2900,WJ-0200,1
63485,PASS,,CW-1300,IB-0300,0
63531,PASS,,JG-0600,EJ-0900,1
64974,PASS,,BJ-1400,MA-0600,1
65630,RUSH,MM-2800,,,1
65637,PASS,,MM-2800,CS-0800,0
66261,PASS,,JG-0600,TO-0200,0
66611,RUSH,TG-1600,,,0
66683,PASS,,KW-0200,GR-0500,0
67691,RUSH,MF-0300,,,1
68186,PASS,,EG-0600,OA-0300,0
68729,RUSH,JW-2500,,,1
69367,RUSH,JP-3200,,,1
69528,PASS,,TB-1900,BC-0800,0
70136,PASS,,MB-4500,KM-0900,1
70626,PASS,,AV-0200,PP-1000,0
70658,PASS,,AV-0200,EM-1800,0
71619,PASS,,,,0
72287,PASS,,BJ-1400,MA-0600,1
74036,PASS,,VT-0200,CM-0600,0
74051,PASS,,VT-0200,WC-0100,0
74421,PASS,,SM-2400,KD-1900,0
74503,PASS,,SM-2400,DM-0500,1
74816,PASS,,,,0
75769,PASS,,,,0
76166,PASS,,JK-0200,KM-0300,0
77123,RUSH,SK-0400,,,1
77433,RUSH,KM-1100,,,1
77632,PASS,,,,0
79299,RUSH,TB-0400,,,1
79432,PASS,,TD-1400,CF-0300,1
80325,PASS,,,,0
80409,PASS,,TD-1100,JS-6500,0
81057,RUSH,RD-0700,,,1
81538,PASS,,TG-1600,EK-0300,1
81964,PASS,,TB-0200,ZF-0100,0
82000,RUSH,SD-0400,,,1
82426,RUSH,CG-0400,,,1
82720,PASS,,BF-0100,DD-2600,0
82737,PASS,,JG-0600,TS-3400,1
83860,PASS,,KW-0500,EC-0400,0
84373,PASS,,VT-0200,AB-1100,1
84997,RUSH,JW-2500,,,0
85005,RUSH,TG-1600,,,0
85480,PASS,,MB-4500,JS-4400,1
86144,RUSH,SM-2400,,,0
86170,RUSH,EG-0200,,,1
87980,PASS,,DB-2600,JR-1200,0
89457,PASS,,JP-3200,FS-0100,1
89649,RUSH,AB-2900,,,1
89803,PASS,,,,0
90532,RUSH,KW-0200,,,0
90577,RUSH,AS-2500,,,1
91597,PASS,,BJ-1400,MA-0600,0
92230,RUSH,AB-2900,,,1
92274,RUSH,DM-0700,,,0
92877,PASS,,SM-2400,DM-0500,0
92896,PASS,,SM-2400,FW-1100,0
92911,RUSH,EG-0200,,,0
93041,PASS,,DM-2200,CL-0900,1
93765,RUSH,DC-4400,,,0
93921,RUSH,BG-1900,,,0
94802,PASS,,DB-3800,CC-4100,0
95040,PASS,,MB-4500,FT-0100,1
95121,RUSH,DS-3500,,,1
95230,PASS,,TB-2300,MV-0400,0
95361,PASS,,AB-2900,JP-1300,0
95456,PASS,,TM-0200,HW-0100,1
95529,PASS,,TG-1600,DH-0600,0
95538,RUSH,CM-0600,,,1
96055,RUSH,QM-0500,,,1
96103,RUSH,JW-2500,,,0
98128,RUSH,DM-0700,,,0
98204,PASS,,PR-0100,CD-1800,0
98558,PASS,,JG-0600,GH-0900,1
100055,RUSH,DM-0700,,,0
100061,RUSH,AB-2900,,,0
100734,PASS,,,,0
101008,PASS,,JB-3800,TH-1100,1
101839,PASS,,DC-0700,JG-0100,1
102314,PASS,,TB-2300,DP-0500,0
102442,PASS,,AB-2900,BW-1850,1
102643,PASS,,TC-2600,DN-1400,1
102966,RUSH,EJ-0200,,,1
102987,PASS,,PM-0200,QI-0100,0
103140,PASS,,DM-2200,CL-0900,1
104401,PASS,,PM-0200,MH-1200,1
106080,RUSH,KF-0200,,,0
106094,PASS,,TB-2300,TB-3300,1
106504,RUSH,TR-0900,,,0
106612,PASS,,KC-2000,MR-1000,1
106905,PASS,,TM-0200,HW-0100,1
107674,PASS,,RG-0200,JP-3400,1
108193,PASS,,CP-0900,LC-0800,1
108833,PASS,,RL-1400,RW-2600,0
110047,PASS,,KS-2300,DK-1100,1
110061,PASS,,AR-0200,HW-0100,1
110538,PASS,,JP-3200,JM-2100,0
111361,PASS,,DC-0700,JA-0800,1
111851,PASS,,,,0
112335,RUSH,TG-1600,,,1
112367,RUSH,MH-1600,,,1
112475,PASS,,BJ-1400,KJ-0700,1
113681,PASS,,JB-3800,RH-3500,0
114009,PASS,,JM-4500,SP-1800,0
114148,RUSH,JM-6800,,,0
114325,PASS,,MB-4500,JS-4400,0
114799,PASS,,KC-2000,JS-2700,0
114842,RUSH,SM-2400,,,1
115452,RUSH,DM-0700,,,0
115557,PASS,,BJ-1400,KJ-0700,1
116082,RUSH,CT-0100,,,1
116243,RUSH,NG-0300,,,1
118013,PASS,,PR-0100,CD-1800,1
118225,RUSH,BF-0100,,,0
118394,PASS,,HB-0400,MB-2800,0
118970,PASS,,JK-1500,CD-1500,0
119002,RUSH,FT-0100,,,1
119852,PASS,,RG-0200,JP-3400,1
120037,PASS,,AB-2900,JH-5200,1
120055,RUSH,DC-4400,,,1
120679,RUSH,JG-0600,,,1
121621,PASS,,MM-2800,BS-1100,1
122444,RUSH,JM-6800,,,0
122465,PASS,,PM-0200,MP-1500,1
122756,PASS,,DB-3800,RC-0100,0
122944,PASS,,SB-0700,SS-1200,0
124099,RUSH,CD-1500,,,0
124570,PASS,,MM-2800,AC-1100,0
124604,PASS,,MM-2800,ED-0900,0
125079,PASS,,TB-2300,CF-0300,1
125555,RUSH,AZ-0100,,,0
125566,PASS,,TM-0200,PB-1000,1
125723,PASS,,DB-3800,RC-0100,1
126698,PASS,,KH-2100,QM-0500,0
126739,PASS,,AR-0200,JT-4300,1
126868,PASS,,JG-0600,TO-0200,1
126877,PASS,,JG-0600,TO-0200,1
126916,PASS,,JG-0600,TO-0200,0
127224,PASS,,HW-0100,PB-1000,1
128083,PASS,,,,0
128091,PASS,,RG-0200,TB-2900,0
128113,PASS,,RG-0200,JP-3400,0
128566,PASS,,JD-1400,RP-1900,0
128570,RUSH,MB-4500,,,0
128592,RUSH,NG-0300,,,0
129345,PASS,,BF-0100,BF-1100,1
129662,RUSH,SM-0100,,,0
129684,PASS,,JF-1400,TM-2800,0
130040,PASS,,KB-1300,TH-1100,1
133426,RUSH,TB-0400,,,1
134909,PASS,,,,0
135388,PASS,,PR-0100,DM-0900,1
136012,PASS,,DB-2600,EM-1800,0
137426,PASS,,JB-3800,BJ-1800,0
137790,PASS,,TB-1900,JF-1100,1
138079,PASS,,GF-0400,OS-0700,1
138139,PASS,,,,0
138420,PASS,,TS-0500,AW-0300,0
138631,RUSH,KS-2300,,,1
139447,PASS,,SM-2400,TC-0100,1
139807,PASS,,PR-0100,LC-0800,0
140469,RUSH,JB-3800,,,1
140930,RUSH,JB-3400,,,1
143186,PASS,,KB-1300,TH-1100,1
143219,PASS,,KB-1300,TH-1100,1
143708,PASS,,VT-0200,AB-1100,0
144495,RUSH,CC-1400,,,1
144857,PASS,,JG-0600,JW-1200,0
145286,PASS,,JH-1700,AH-0200,1
145334,PASS,,JH-1700,SA-0800,1
145963,PASS,,KC-2000,IH-0100,0
146607,RUSH,AH-1450,,,0
147552,PASS,,KB-1300,TH-1100,1
147878,PASS,,PR-0100,DM-0900,1
148458,RUSH,KC-2000,,,1
150610,PASS,,CP-0900,SM-3600,0
150644,PASS,,CP-0900,AB-1100,1
150830,PASS,,,,0
151372,PASS,,KB-1300,MR-1400,0
151723,RUSH,KW-2400,,,0
152274,PASS,,,,0
152596,PASS,,DF-1300,SA-0700,1
153265,PASS,,DC-4400,HG-0200,1
154920,RUSH,DR-1300,,,0
154945,PASS,,PM-0200,JM-6800,1
156442,PASS,,AB-2900,BW-1850,0
157572,PASS,,DM-2200,CL-0900,0
158411,RUSH,CP-2100,,,1
160028,PASS,,TG-1600,DH-0600,0
160329,PASS,,BF-0100,BF-1100,1
161792,RUSH,SM-2400,,,1
161820,PASS,,SM-2400,DM-0500,0
162093,PASS,,TC-2600,QM-0500,0
163550,RUSH,CT-0100,,,0
163720,PASS,,DB-3800,DB-3100,1
164197,RUSH,RH-2600,,,1
164261,PASS,,DB-2600,BS-1700,0
164873,PASS,,TG-1600,EK-0300,0
165034,PASS,,CP-0900,KL-1100,0
165212,PASS,,BJ-1400,KW-1100,1
165222,PASS,,BJ-1400,CL-0600,0
166472,PASS,,JG-0600,BL-1200,1
167920,PASS,,JM-2900,ES-1000,0
167929,RUSH,JM-2900,,,0
168221,PASS,,TC-2600,DN-1400,0
169007,PASS,,CP-0900,AB-1100,0
170799,PASS,,MB-4800,DL-1900,1
171626,PASS,,JD-1400,MM-5500,0
171642,PASS,,JD-1400,KD-1900,0
171656,RUSH,KF-0200,,,1
173413,PASS,,RG-0200,AW-1000,1
173591,PASS,,TR-0100,BL-1200,0
173710,RUSH,MF-0300,,,1
174348,PASS,,JM-2900,ES-1000,0
174688,PASS,,BR-1100,PB-1000,0
174984,PASS,,DC-0700,JG-0100,0
177080,PASS,,KB-1300,RH-3500,0
177406,PASS,,JH-1700,TS-3400,0
177726,RUSH,JW-1900,,,1
178075,PASS,,RG-2300,JG-0200,0
178549,PASS,,AB-2900,BW-1850,0
178580,PASS,,MB-4800,KC-2700,1
178726,PASS,,SM-2400,DM-0500,0
178743,PASS,,BL-0600,RW-2400,1
178878,PASS,,BJ-1400,KD-1000,0
178905,PASS,,BJ-1400,KD-1000,1
179066,PASS,,MB-4500,TJ-0700,1
179715,RUSH,TJ-2700,,,0
180329,PASS,,BL-0600,BJ-2300,1
181107,PASS,,TR-0100,CC-4100,0
181147,PASS,,TR-0100,CC-4100,1
183045,PASS,,TR-0100,AW-0200,0
183108,RUSH,TR-0100,,,1
183122,PASS,,TR-0100,BL-1200,1
184717,PASS,,BL-0600,RW-2400,1
184853,PASS,,MH-1600,JS-6400,1
185009,RUSH,LJ-1500,,,0
185025,PASS,,CP-0900,AB-1100,0
185352,PASS,,JD-1400,KC-1500,1
186819,PASS,,BL-0600,EW-0800,1
187909,PASS,,BG-1900,WH-0500,0
189089,PASS,,DC-4400,NB-0800,0
189229,PASS,,DM-2200,LS-1000,0
190076,PASS,,BF-0100,RF-0300,1
191040,PASS,,DC-0700,DA-1600,0
191405,PASS,,AF-0300,RM-3100,1
191570,RUSH,CK-1000,,,1
192193,RUSH,MF-0300,,,1
192542,PASS,,KB-1300,CM-2700,1
192639,RUSH,DC-4400,,,1
194830,RUSH,WM-0300,,,0
196157,RUSH,SM-2400,,,1
196289,PASS,,DC-4400,NB-0800,1
197625,PASS,,TG-1600,EK-0300,0
198245,PASS,,AB-2900,JH-5200,1
198908,PASS,,TG-1600,EK-0300,1
199224,RUSH,CD-1500,,,1
199902,PASS,,MH-1600,JU-0200,0
200051,PASS,,KC-2000,JP-3400,0
200063,PASS,,KC-2000,DJ-2100,0
200712,PASS,,LM-0800,SH-0600,1
200805,PASS,,JN-0500,LF-0200,0
201245,PASS,,AF-0300,CC-1300,1
201550,PASS,,CP-0900,WC-0100,0
202757,RUSH,PC-0900,,,0
202848,PASS,,MH-1600,DJ-0100,1
203036,RUSH,JM-2900,,,1
205866,PASS,,,,0
206833,PASS,,JH-1700,TS-3400,1
207025,PASS,,BF-0100,DD-2600,1
207676,PASS,,DM-2200,CL-0900,0
208150,PASS,,AF-0300,MB-2800,0
208160,PASS,,AF-0300,CC-1300,0
208830,PASS,,JK-1500,KW-0700,0
209105,PASS,,CH-4900,DC-1900,0
209318,RUSH,EJ-0200,,,1
210394,PASS,,BG-1900,JG-0500,0
211413,PASS,,JD-1400,MS-0700,1
212720,RUSH,WD-0700,,,0
212836,PASS,,CP-0900,AB-1100,0
212866,RUSH,SJ-0200,,,1
213066,PASS,,JH-1700,RW-3200,0
213241,PASS,,DC-4400,OS-0700,1
213384,PASS,,VT-0200,JW-6000,1
215340,PASS,,KC-2000,RM-5000,0
216734,PASS,,KW-0500,AB-1300,0
217224,RUSH,SJ-0200,,,0
218408,PASS,,DC-4400,MR-1400,1
219496,PASS,,MS-0200,AC-2700,1
221194,PASS,,AB-2900,ZH-0100,0
221885,PASS,,DB-2600,DC-0300,0
221983,PASS,,DB-2600,KJ-0700,1
223340,PASS,,,,0
223394,PASS,,DM-2200,BW-1000,1
224663,PASS,,JM-2900,AB-2000,0
224854,PASS,,BF-0100,AC-1300,0
224864,PASS,,JD-1400,SS-2100,0
224874,PASS,,BF-0100,DM-0300,1
224896,PASS,,BF-0100,RF-0300,1
225233,PASS,,MS-0200,BF-0400,1
225903,PASS,,MB-4500,DP-0500,0
226406,PASS,,DC-0700,CB-2500,1
227215,RUSH,LT-0600,,,0
228291,PASS,,TG-1600,MB-2600,1
229543,RUSH,MF-0300,,,1
230482,PASS,,DC-0700,MR-1000,0
231972,RUSH,MW-2900,,,0
233661,PASS,,SM-2400,CB-3600,0
235005,PASS,,KC-2000,JP-3400,0
235026,RUSH,LJ-1500,,,1
235654,PASS,,BB-2400,WC-0100,0
236282,PASS,,PM-0200,RW-1100,0
236471,PASS,,MV-0300,BF-0400,1
237021,RUSH,OA-0300,,,1
237525,PASS,,TB-2300,TB-3300,0
237560,PASS,,GF-0400,RB-3900,0
237564,RUSH,HE-0300,,,1
237745,RUSH,TB-0400,,,1
237901,PASS,,JP-3200,JP-4400,1
238173,PASS,,MB-4500,CP-2100,1
238242,RUSH,MA-0600,,,1
240387,PASS,,KD-1400,JM-6400,0
240532,PASS,,KW-0500,AB-2000,1
240560,PASS,,JM-1100,AH-1450,1
242022,PASS,,CP-0500,MS-0500,1
242034,RUSH,JG-3500,,,1
242353,PASS,,TB-2300,CF-0300,0
242536,RUSH,RD-1800,,,0
243062,PASS,,EM-0200,JS-2700,1
243431,PASS,,KD-1400,TJ-0400,1
246028,RUSH,OA-0300,,,1
247620,RUSH,DG-0600,,,1
254852,PASS,,MS-0200,BF-0400,1
256017,PASS,,MC-0700,BC-0900,0
258231,PASS,,PM-0200,RW-1100,1
259955,RUSH,TH-1400,,,1
259970,PASS,,KC-2000,DB-1700,1
260948,RUSH,CK-0900,,,0
261373,PASS,,DC-4400,CC-1300,0
265133,RUSH,RD-0700,,,1
265278,PASS,,SM-2400,TH-1100,0
265478,PASS,,EM-0200,AT-0900,0
266402,RUSH,VY-0100,,,1
266767,PASS,,RB-3900,CC-1300,0
266929,PASS,,BJ-1400,TT-0400,0
267100,PASS,,DB-3800,JH-5200,1
267575,PASS,,MB-4800,IB-0200,1
271941,PASS,,MB-4500,SM-3600,1
273235,PASS,,JH-1700,MB-2800,1
274685,PASS,,PM-0200,MH-1200,0
274730,PASS,,MB-4500,CC-4300,1
274854,RUSH,TR-0800,,,1
275182,PASS,,MS-0200,EB-0900,0
275388,PASS,,DB-3800,BM-2200,1
275546,PASS,,SR-1200,AJ-0900,0
275855,PASS,,DH-4300,TG-1300,1
276475,PASS,,PM-0200,RW-1100,1
276926,PASS,,TR-0800,TO-0200,1
277485,PASS,,TR-0800,PC-0900,0
278873,PASS,,PR-0300,VJ-0100,1
280859,PASS,,TB-2300,RC-0100,1
281822,PASS,,MB-4800,IB-0200,0
285109,PASS,,ML-1000,AB-2000,0
285775,PASS,,DC-0700,WL-0200,1
287024,PASS,,MH-1600,JS-6400,1
287868,PASS,,TB-2300,TB-3300,1
290465,PASS,,,,0
290722,PASS,,JH-1700,MB-2800,1
293446,PASS,,TJ-0300,TT-0400,0
293607,RUSH,TB-0400,,,0
293617,PASS,,JG-0600,LS-1000,1
297937,PASS,,JK-1500,MW-2700,0
298117,RUSH,QG-0200,,,0
300030,PASS,,TG-1600,KW-2000,1
300216,PASS,,MH-1600,DB-3600,0
301215,RUSH,KF-0200,,,1
301528,PASS,,PM-0200,MH-1200,1
302351,PASS,,JC-6200,JW-0400,0
303608,PASS,,JK-1500,SM-1400,0
303918,PASS,,,,0
304085,RUSH,RJ-1800,,,1
306536,PASS,,JM-2900,RC-3100,1
307667,RUSH,RB-3900,,,1
308467,RUSH,KW-0800,,,0
311850,PASS,,GF-0400,TH-2300,1
312475,PASS,,JC-0500,CC-4300,1
313871,PASS,,TR-0800,TO-0200,0
314218,RUSH,SG-0100,,,1
315336,PASS,,,,0
316176,PASS,,AB-2000,LF-0200,0
316326,RUSH,RB-4900,,,1
316978,PASS,,TD-1400,AB-0800,0
317125,PASS,,JG-0600,AB-1100,0
317264,PASS,,SR-1200,AD-0400,1
317456,PASS,,DH-4300,DB-3200,0
317644,PASS,,CP-0900,LW-0500,1
321137,RUSH,PH-0600,,,1
321795,PASS,,JC-0500,AR-0200,1
321980,PASS,,DA-1300,BE-0200,0
322008,PASS,,DA-1300,JJ-5200,1
322936,RUSH,ML-2500,,,1
323095,PASS,,BR-1100,HW-0100,1
323683,PASS,,JC-0500,AR-0200,0
323728,PASS,,DM-2200,HB-0100,0
323774,PASS,,DM-2200,MS-0500,0
323904,RUSH,RB-4900,,,1
323925,PASS,,DB-3800,MC-2400,0
323942,RUSH,RB-4900,,,1
324619,PASS,,MS-0600,MW-1700,0
324711,PASS,,PM-0200,BF-0700,1
324716,RUSH,JA-0300,,,0
330437,PASS,,CR-0600,RW-2200,0
331093,RUSH,DG-0600,,,1
332029,PASS,,JC-5600,KW-2300,1
334873,PASS,,KC-1400,CB-0300,0
335161,PASS,,KB-1300,DD-0200,0
336579,PASS,,CW-3200,SH-1300,1
337219,RUSH,JA-0300,,,1
337671,PASS,,TC-2300,CC-4300,0
337879,RUSH,BB-2400,,,1
338293,PASS,,CP-0500,KW-0800,0
338464,PASS,,KO-0700,GO-0100,1
338674,RUSH,DW-0200,,,1
338790,PASS,,DH-4300,TG-1300,0
339320,PASS,,JR-3500,RC-3100,1
339661,PASS,,LM-0800,MC-1500,0
340003,PASS,,TS-2600,DD-0200,0
340244,PASS,,TC-2300,CC-4300,0
340611,RUSH,LM-0300,,,1
341116,PASS,,JB-2100,DH-0300,1
341765,RUSH,PT-0400,,,1
342389,RUSH,TJ-0300,,,1
342401,RUSH,TJ-0300,,,1
342707,PASS,,MB-4800,RM-3100,0
343234,PASS,,MH-1600,MP-1500,1
343388,RUSH,BR-1100,,,0
343401,PASS,,BR-1100,NW-0100,0
345179,PASS,,BF-0100,LW-0500,0
347101,PASS,,TJ-0300,SR-0500,0
347437,PASS,,TT-0900,MC-2700,1
347748,RUSH,DR-1300,,,1
347881,PASS,,JC-0500,LB-0400,0
349361,PASS,,PR-0300,LN-0100,1
349375,PASS,,JC-6200,ER-0500,1
350765,PASS,,KO-0700,BL-1200,1
351475,PASS,,DB-3800,RB-4900,0
352253,PASS,,,,0
352275,PASS,,BF-0100,CS-4200,0
352591,PASS,,,,0
352878,RUSH,EJ-0200,,,1
352888,PASS,,KW-0500,AB-2000,0
352939,RUSH,LW-0500,,,1
353106,PASS,,JO-0700,FG-0200,1
353762,PASS,,TE-0100,LE-0300,1
353913,PASS,,PR-0300,DS-3300,1
356323,PASS,,CP-0500,BU-0300,0
356497,PASS,,BR-1100,HM-0200,0
357139,PASS,,BF-0100,JC-5400,0
357778,RUSH,SS-1600,,,0
358867,PASS,,DA-1300,BE-0200,1
360256,PASS,,DO-0300,CJ-1100,1
360621,PASS,,DA-1300,BE-0200,1
362543,PASS,,JC-0500,CP-2100,0
363307,PASS,,KC-2000,AH-0300,1
363678,PASS,,DG-0600,JP-3400,0
363809,PASS,,JG-0600,IH-0100,0
363845,PASS,,JG-0600,AS-1700,1
364321,PASS,,MB-4800,DS-3700,0
365417,RUSH,KF-0200,,,0
365428,PASS,,PM-0200,RW-1100,1
366725,PASS,,SW-0100,JC-0700,0
367030,PASS,,JF-1900,DM-0500,1
367308,PASS,,DC-3200,BC-2500,0
367401,PASS,,TT-0900,TG-1300,0
367711,PASS,,EM-0200,PB-1000,0
367892,PASS,,KW-0500,LF-0200,0
368047,PASS,,MC-0700,JG-0100,1
369547,RUSH,DC-4400,,,0
370019,PASS,,MH-1600,BE-0600,0
371484,PASS,,SH-1100,IB-0200,0
372268,RUSH,DW-3600,,,1
372665,PASS,,DJ-1700,CC-0200,0
373080,PASS,,AR-1300,RM-0900,1
373087,RUSH,DM-0700,,,0
373550,PASS,,KW-0500,LF-0200,0
374188,PASS,,AR-1300,GJ-0400,1
374954,PASS,,PR-0300,MF-0800,0
376243,PASS,,MS-0200,AJ-0900,1
377003,RUSH,RB-4900,,,0
377016,PASS,,MR-2500,MJ-0800,1
377483,PASS,,MC-0700,WW-0200,1
378923,PASS,,PR-0300,CC-1300,0
378930,PASS,,PR-0300,AG-0500,0
379555,PASS,,DO-0300,CF-0600,1
379725,RUSH,MJ-2500,,,0
380372,PASS,,JR-3500,CS-0600,0
380524,PASS,,TR-0800,RW-3200,0
383047,PASS,,EM-0200,DH-3200,1
383789,PASS,,TT-0900,TG-1300,0
385339,PASS,,BF-0100,JC-5400,1
385680,RUSH,JC-6200,,,1
386697,PASS,,JD-1400,DW-3600,0
387315,PASS,,DM-2200,BW-1000,0
387331,PASS,,KW-0500,BP-0300,1
388298,PASS,,KO-0700,BM-0300,0
388740,RUSH,MJ-2500,,,0
389721,PASS,,AR-1300,GJ-0400,1
389875,PASS,,TB-2300,BW-0700,0
389880,PASS,,TB-2300,RM-5000,0
391699,PASS,,BL-0600,MS-5100,0
392952,PASS,,CP-0500,AC-0100,0
392977,PASS,,CP-0500,BL-0900,1
393124,PASS,,MS-4100,BJ-1800,0
394587,PASS,,JC-6200,EB-0600,1
395209,RUSH,TC-1300,,,1
396055,PASS,,KC-2000,AC-2700,0
396084,RUSH,CJ-1700,,,1
396241,RUSH,MC-0700,,,0
397509,PASS,,AR-1300,RG-1600,0
397974,PASS,,JD-1400,SS-2100,1
403820,PASS,,DB-3800,MC-2400,0
404441,PASS,,MS-0200,AJ-0900,1
404921,PASS,,MS-4100,MM-5300,1
405099,PASS,,AR-1300,RG-1600,0
405261,PASS,,PM-0200,PG-0100,0
405425,PASS,,MS-0100,BE-0200,0
405441,PASS,,CH-2400,GC-0200,0
405450,PASS,,MS-0100,DK-0400,0
407073,PASS,,MC-0700,JC-2300,1
407192,PASS,,TB-2300,RM-5000,1
407378,PASS,,JF-3100,KW-2300,0
407397,PASS,,JF-3100,MC-1500,1
407711,PASS,,JR-3700,SV-0100,0
408670,PASS,,MR-2500,JS-4800,0
409194,PASS,,MS-0100,BE-0200,0
409235,PASS,,,,0
409512,PASS,,MB-4800,DF-0500,0
411013,RUSH,DW-3600,,,1
411495,RUSH,JL-1400,,,1
411769,PASS,,BM-3600,RD-0900,0
411826,RUSH,DG-0600,,,1
412136,PASS,,MH-1600,JC-0700,0
413257,PASS,,JC-6200,MF-1300,1
414757,RUSH,CK-0900,,,0
415072,PASS,,DM-2200,LM-1000,1
416835,PASS,,DC-4400,CJ-1100,0
417158,PASS,,MS-0200,CB-3600,0
417462,PASS,,CH-2400,AF-0200,0
417999,RUSH,BQ-0100,,,0
419268,PASS,,AR-1300,GJ-0400,1
419620,RUSH,KM-2900,,,0
421075,PASS,,DM-2200,JA-2900,1
422731,PASS,,AR-1300,BJ-0300,1
423057,RUSH,RW-2600,,,1
423374,RUSH,CP-0500,,,1
423524,RUSH,JF-3100,,,1
423690,PASS,,MM-4700,KM-2600,0
423841,RUSH,QG-0100,,,0
425294,PASS,,,,0
426084,RUSH,DB-4800,,,0
426107,PASS,,MS-0100,DK-0400,1
426135,PASS,,MS-0100,BE-0200,1
429476,RUSH,WM-0300,,,0
430780,PASS,,DB-3800,LM-1500,1
431264,PASS,,JC-6200,DA-1700,0
434218,PASS,,SH-1100,CJ-1100,1
434516,PASS,,KC-2000,KB-1900,1
435261,PASS,,MS-0100,BE-0200,1
435945,PASS,,AS-1600,VD-0100,1
438041,PASS,,PR-0300,LN-0100,1
440457,PASS,,KK-1200,JA-2900,0
440941,PASS,,RF-0500,SJ-0600,0
441069,RUSH,CB-1400,,,1
442608,PASS,,JC-0500,JH-3700,0
443100,PASS,,BF-0100,VS-0100,0
444656,PASS,,JF-3100,MW-2800,0
445613,PASS,,CP-0500,,0
445616,PASS,,CP-0500,CJ-1200,0
445626,PASS,,MR-2500,RW-2200,1
446633,RUSH,JF-3100,,,0
447811,PASS,,JK-1500,JW-6000,1
448297,PASS,,DM-2200,FD-0200,0
448305,PASS,,MS-4100,NB-0800,0
448307,PASS,,DM-2200,FD-0200,0
448326,PASS,,MS-4100,BJ-1800,1
448339,PASS,,MS-4100,BP-0600,0
449151,PASS,,VY-0100,CJ-1700,0
449482,PASS,,TJ-0300,PH-0400,1
450283,RUSH,FJ-0100,,,0
450296,PASS,,JC-6200,MF-1300,1
451122,RUSH,MT-1300,,,1
452304,PASS,,MR-2500,JS-4800,0
452482,PASS,,SH-1100,BP-0600,0
453144,RUSH,RB-3900,,,0
453641,PASS,,MC-0700,DB-3200,0
453667,PASS,,MC-0700,DB-3200,0
453983,PASS,,DA-1300,LF-0200,1
454349,PASS,,TB-2300,BT-0300,0
454356,RUSH,MM-4800,,,1
454371,RUSH,MM-4800,,,1
456517,PASS,,MR-2500,RW-2200,1
456971,PASS,,MV-0300,JA-2900,1
458423,RUSH,AB-2600,,,1
459415,PASS,,KO-0700,JG-0100,0
460051,PASS,,CP-0500,JG-3700,1
461934,PASS,,JK-1500,RW-3200,1
463173,RUSH,JF-3100,,,1
464839,PASS,,MS-0200,JJ-3900,1
465270,PASS,,RG-2300,CC-4300,1
465285,PASS,,RG-2300,MS-0800,1
466292,RUSH,TH-1600,,,0
466794,PASS,,CW-1900,BO-0100,1
468888,PASS,,CW-1900,BO-0100,1
470363,PASS,,SW-0100,BW-0700,0
472846,RUSH,DW-5100,,,0
473286,PASS,,MV-0300,LM-1000,0
473910,RUSH,SM-3400,,,1
474414,RUSH,AR-0200,,,1
474748,RUSH,MR-2500,,,0
475677,RUSH,SK-0600,,,1
477684,PASS,,RG-2300,SM-3600,0
478972,PASS,,AD-0100,JS-3300,0
479328,RUSH,DW-4300,,,1
479845,PASS,,CN-0500,GO-0100,1
480155,PASS,,DB-3800,LM-1500,1
480176,PASS,,DB-3800,LM-1500,1
480499,RUSH,BJ-0600,,,1
482708,PASS,,CN-0500,LN-0100,0
484350,RUSH,KM-2900,,,0
484521,PASS,,JC-0500,CS-0600,0
485491,RUSH,AB-2600,,,1
486284,PASS,,JC-0500,DM-3100,0
486846,RUSH,WM-0300,,,1
486855,PASS,,TT-0700,BL-1200,0
486969,PASS,,AR-1300,JF-1600,0
487475,PASS,,MS-4100,CJ-1100,0
490121,PASS,,JF-3100,MW-2800,0
490269,PASS,,MM-4700,BM-0300,0
490317,RUSH,TT-0700,,,1
490641,PASS,,KK-1200,JK-1200,0
492953,PASS,,TJ-0300,BO-0100,0
493605,PASS,,PR-0300,CB-3000,1
494253,PASS,,CM-1500,JC-5600,0
494413,PASS,,,,1
494572,PASS,,JB-2100,LH-0600,1
497523,PASS,,JF-3100,MW-2800,0
498191,PASS,,AS-1600,MC-2900,1
498882,PASS,,CN-0500,SS-2100,1
499022,PASS,,JF-3100,KW-2300,0
501006,PASS,,MS-4100,TY-0300,1
502459,PASS,,CP-0400,AC-2100,0
505292,RUSH,TT-0700,,,1
505810,RUSH,DW-1000,,,1
506454,RUSH,DH-1700,,,0
507276,RUSH,PT-0400,,,0
508648,RUSH,DW-1000,,,1
509084,PASS,,JF-3100,KW-2300,1
509438,PASS,,RF-0500,MC-0800,0
510939,PASS,,MS-0100,JK-1000,0
510968,RUSH,BC-2000,,,0
512091,RUSH,JS-3700,,,0
512915,PASS,,,,0
513881,RUSH,JM-2900,,,1
514992,PASS,,JF-3100,KW-2300,1
515010,RUSH,JF-3100,,,0
515175,PASS,,MS-4100,TS-0700,1
515685,RUSH,DW-4300,,,1
515894,RUSH,JD-1400,,,0
517555,RUSH,FG-0200,,,0
517561,PASS,,DB-3800,DS-3300,1
518586,RUSH,DW-1000,,,0
519735,RUSH,DS-3300,,,1
520242,PASS,,BG-0100,JB-3650,1
520711,PASS,,AR-1300,JN-0900,1
520867,PASS,,BR-1100,LP-0700,0
520879,PASS,,PM-0200,WM-0300,1
520903,RUSH,WM-0300,,,0
521229,PASS,,CP-0500,RS-3250,1
522221,RUSH,AB-3400,,,1
522753,PASS,,TB-2300,RG-2200,0
522889,RUSH,DR-1450,,,1
524543,RUSH,MJ-2500,,,0
525433,PASS,,MS-4100,NB-0800,1
525822,RUSH,MB-3000,,,0
526635,PASS,,AR-1300,JJ-4200,0
527104,PASS,,,,0
528313,PASS,,RT-0150,JL-0260,1
528646,PASS,,JF-3100,MW-2800,0
529181,PASS,,KO-0700,DB-5300,1
529807,PASS,,AL-1100,RW-1100,0
529843,PASS,,AR-1300,JJ-4200,0
529859,RUSH,DB-4800,,,1
532141,PASS,,SB-1100,SJ-0200,1
532870,PASS,,TR-0800,DB-5300,0
533520,PASS,,CP-2000,KR-1200,1
533535,PASS,,,,0
535802,PASS,,BR-1100,HM-0200,1
536201,PASS,,JF-3100,MW-2800,0
536369,PASS,,JC-6200,BM-0300,0
536868,PASS,,MS-0100,DK-0400,0
537141,PASS,,BG-0100,JB-3650,0
538826,PASS,,JF-1900,AB-2000,1
538972,PASS,,BG-0100,RJ-0800,1
538997,PASS,,BG-0100,JP-0800,0
539638,PASS,,MH-1600,KB-1900,1
540004,PASS,,CP-0500,JC-5660,1
542088,RUSH,AP-0700,,,1
544171,PASS,,JF-3100,VJ-0100,1
544493,PASS,,SB-1100,BQ-0050,0
545713,RUSH,TR-0800,,,1
545987,RUSH,AP-1800,,,1
547934,PASS,,,,0
548497,RUSH,MO-0500,,,1
549510,PASS,,SB-1100,LK-0200,1
550579,PASS,,NF-0250,JA-2900,0
550874,PASS,,CP-0500,DM-3100,0
551152,PASS,,,,0
551199,PASS,,SB-1100,CG-1060,1
551524,PASS,,NF-0250,DL-1700,0
551999,PASS,,MR-2500,RW-2200,0
552201,RUSH,KC-2350,,,1
554035,PASS,,RT-0150,AF-0200,1
554334,PASS,,SB-1100,DA-0900,1
558355,RUSH,CM-1500,,,0
559312,PASS,,JF-3100,MW-2800,0
560320,PASS,,CH-2400,JS-2300,0
561256,PASS,,TR-0800,DH-1800,1
561893,PASS,,RW-3850,ZM-0200,1
562631,PASS,,MS-0200,AJ-0900,1
563117,PASS,,CK-0100,RM-5000,0
564777,PASS,,RW-3850,DB-0500,0
565280,RUSH,SB-1100,,,1
565482,PASS,,TR-0800,DB-5300,0
565646,PASS,,RG-1850,AR-1200,0
566715,RUSH,AF-0900,,,1
567032,PASS,,EM-0250,RW-4050,1
567406,PASS,,RG-1850,JR-1150,0
567903,PASS,,CP-0500,MF-0950,0
568059,PASS,,CH-2400,SB-2100,0
568626,RUSH,ZE-0100,,,0
570915,PASS,,EM-0250,SJ-0600,1
571448,RUSH,BC-3070,,,1
571624,PASS,,JC-6200,AJ-0430,1
571638,PASS,,JC-6200,BM-0300,1
574510,PASS,,AL-1100,DH-2800,0
574537,PASS,,AL-1100,RW-1100,1
575051,RUSH,MF-1300,,,1
575217,PASS,,MS-4100,KD-1700,0
575696,RUSH,TR-0800,,,0
575704,PASS,,TR-0800,TW-2270,1
577801,PASS,,CH-2400,JB-3650,0
578336,PASS,,PP-0400,LF-0200,0
578873,PASS,,CP-0500,MF-0950,0
581065,PASS,,PM-0200,DT-0900,0
582621,RUSH,ES-0200,,,1
585314,PASS,,JF-1900,MB-4050,1
585473,PASS,,AL-1100,GW-0650,0
585500,PASS,,AL-1100,CF-0650,1
586171,RUSH,MF-1300,,,0
586290,PASS,,AL-1100,CF-0650,1
587936,PASS,,RT-0150,MW-0500,0
589335,PASS,,DD-0450,TG-1300,1
589680,PASS,,RG-1850,NW-0500,1
589698,RUSH,RG-1850,,,1
591195,PASS,,BW-0850,DB-1800,1
591646,PASS,,MF-1000,AQ-0100,0
592046,PASS,,KC-1400,IP-0050,1
592198,PASS,,AL-1100,DH-2800,1
592545,RUSH,AB-3400,,,1
593401,PASS,,BR-1100,ES-0200,0
595886,RUSH,CO-0300,,,0
595920,PASS,,TB-2300,JE-0100,1
595968,RUSH,SV-0200,,,0
596444,PASS,,MF-1000,JJ-4200,0
596610,PASS,,MC-0700,GJ-0400,0
596645,PASS,,JF-1900,TS-2300,1
597204,PASS,,MS-4100,JB-2700,1
597254,PASS,,MS-4100,JF-0650,0
597262,PASS,,NF-0250,LM-1000,0
597277,RUSH,BB-3350,,,1
597285,PASS,,NF-0250,RC-2300,1
597300,PASS,,NF-0250,DJ-0200,0
597311,RUSH,CP-1950,,,0
598234,PASS,,JM-2900,BM-0300,1
599122,PASS,,KC-2350,PG-0100,0
599742,RUSH,PT-0400,,,0
599912,PASS,,NF-0250,RC-2300,0
599948,PASS,,NF-0250,RC-2300,1
600657,PASS,,MF-1000,AQ-0100,0
600809,PASS,,AD-0100,TE-0300,0
600976,PASS,,MS-4100,CJ-1100,0
602554,PASS,,MS-4100,JF-0650,1
602770,RUSH,RM-3900,,,1
603416,PASS,,JC-6200,EB-0600,1
604048,RUSH,RR-0400,,,1
605058,PASS,,,,0
605188,PASS,,TB-2300,JE-0100,1
605544,PASS,,KC-1400,JC-4300,0
606219,PASS,,KO-0700,DB-5300,0
607010,RUSH,MI-0100,,,1
607172,RUSH,SR-0700,,,1
607685,RUSH,SV-0200,,,0
607957,PASS,,PM-0200,WW-0200,1
608127,PASS,,AR-1300,AQ-0100,0
609158,PASS,,GS-1050,DN-0500,0
609724,RUSH,JF-2800,,,0
609728,PASS,,AD-0100,MS-0150,1
610531,PASS,,MS-4100,JF-0650,1
610668,RUSH,JD-3400,,,0
610693,PASS,,CP-0500,LF-0200,0
611277,RUSH,SL-0150,,,0
611832,RUSH,JD-3400,,,0
612180,PASS,,CN-0500,JC-5400,1
612785,PASS,,AR-1300,RC-1500,1
615440,PASS,,AS-1600,DB-3200,0
615637,PASS,,PM-0200,DT-0900,1
615810,PASS,,DA-1300,KB-0950,0
617637,PASS,,TB-2650,RE-0400,1
618623,RUSH,FJ-0100,,,1
619150,PASS,,DB-3800,BW-0700,0
620832,RUSH,TH-1850,,,0
621012,PASS,,JC-6200,MB-1800,1
621196,PASS,,KO-0700,RW-4050,1
623451,PASS,,GS-1050,JA-1250,0
624413,PASS,,RW-3850,JK-0250,0
626036,PASS,,MS-4100,GT-0100,0
626167,RUSH,JF-2800,,,1
626351,RUSH,LW-0500,,,0
626675,PASS,,JC-6200,DR-3200,1
626702,PASS,,JC-6200,MF-1300,1
626891,PASS,,MV-0300,JK-1000,0
628554,PASS,,BB-2425,CS-1500,0
628722,PASS,,BH-1900,KS-1350,0
629354,RUSH,RG-1850,,,0
629368,RUSH,MA-1150,,,1
629874,PASS,,TB-2300,JE-0100,0
630178,PASS,,BW-2625,MS-3400,1
630258,RUSH,LT-0050,,,0
631441,PASS,,MR-2500,HD-0300,1
631631,PASS,,BB-2425,AR-1250,1
635716,PASS,,TB-2650,CJ-1450,1
636716,PASS,,PM-0200,ES-0200,1
636757,RUSH,DT-0550,,,1
638710,PASS,,BR-1100,AB-3500,1
638722,PASS,,BR-1100,LM-1500,1
639006,PASS,,BB-2425,ML-0650,0
639016,PASS,,BB-2425,ML-1500,0
639564,RUSH,ST-0250,,,1
639852,PASS,,AS-1600,AF-0200,0
640179,RUSH,MF-1300,,,1
640338,PASS,,BR-1100,HM-0200,1
640505,PASS,,,,0
640560,PASS,,,,0
641500,PASS,,JH-3230,CH-1230,1
641986,PASS,,DS-3800,JC-0700,1
642672,RUSH,JR-2800,,,0
644654,PASS,,GS-1050,JK-1000,0
645275,PASS,,JC-6200,MB-1800,1
646154,RUSH,MA-1150,,,1
647118,PASS,,,,0
648290,RUSH,JB-2700,,,1
650876,PASS,,BR-1100,AB-3500,0
651709,PASS,,AR-1300,AQ-0100,0
652063,PASS,,RW-3850,LW-1450,1
652496,PASS,,BR-1100,MW-1250,1
652883,PASS,,RM-0300,DH-3950,1
653173,PASS,,AL-1100,CF-0650,1
653204,PASS,,AL-1100,AJ-0900,0
653663,RUSH,ML-2500,,,1
654358,PASS,,MM-2570,RS-3250,0
655423,PASS,,BR-1100,AB-3500,1
655454,PASS,,BR-1100,HM-0200,1
655537,PASS,,CK-0100,TS-2300,1
655695,PASS,,DB-3800,WS-0925,0
655898,RUSH,JB-2700,,,0
656224,PASS,,TT-0500,PH-0400,0
656242,RUSH,PH-0400,,,0
656404,PASS,,PR-0300,KA-0650,0
657569,PASS,,AR-1300,RR-1050,1
657900,PASS,,KC-2350,JC-5680,1
658028,PASS,,MR-2500,LT-0550,1
658251,RUSH,JF-2950,,,0
658923,PASS,,LM-0800,MC-2400,0
659510,PASS,,BR-1100,DH-2800,0
659873,PASS,,RT-0150,JL-0215,1
660172,RUSH,JB-2700,,,0
660391,PASS,,AS-1600,TK-0150,1
660419,PASS,,AS-1600,JA-2900,0
661134,RUSH,AW-1350,,,1
661855,RUSH,SR-0450,,,0
661972,RUSH,JH-4025,,,1
662186,PASS,,JM-2900,TG-0025,1
663298,PASS,,JC-6200,MM-0900,0
663313,PASS,,JC-6200,MF-1300,0
663623,PASS,,MR-2500,LH-0600,0
663629,PASS,,KC-2350,PG-0100,0
663785,PASS,,JW-5650,VJ-0100,1
664143,PASS,,JM-2900,TB-1060,0
664162,PASS,,JF-1900,JF-2800,0
664173,PASS,,JM-2900,AH-1900,1
665799,PASS,,LJ-1250,AB-3500,0
666319,PASS,,JC-6200,MF-1300,1
666525,PASS,,JM-2900,TB-1060,0
667414,PASS,,CK-0100,AB-2000,0
668116,RUSH,LM-1000,,,1
669290,PASS,,BH-1900,JG-3850,0
669632,PASS,,PR-0300,LG-0750,1
669658,PASS,,PR-0300,LG-0750,1
670129,PASS,,JF-1900,NB-0450,1
670898,PASS,,NF-0250,JC-4300,1
672818,PASS,,AR-1300,DA-0212,1
673151,PASS,,MM-0912,DW-0500,1
673384,RUSH,TG-1950,,,0
673445,RUSH,TB-2650,,,1
673746,PASS,,BR-1100,DW-3600,1
674034,PASS,,JW-5650,RS-0975,0
674735,RUSH,JL-0280,,,1
675085,PASS,,AR-1300,DA-0212,0
675971,PASS,,BR-1100,AB-3500,1
676200,PASS,,BB-2425,AH-3900,0
676212,PASS,,JF-1900,KA-0400,0
676736,RUSH,BO-0650,,,0
676892,PASS,,RW-3850,JK-0250,0
676899,PASS,,RW-3850,JG-2900,0
678108,RUSH,JL-0280,,,0
678238,PASS,,AR-1300,JJ-4200,1
679734,PASS,,MC-0700,DM-1600,1
680869,PASS,,,,0
681015,PASS,,MM-0912,DG-2650,1
681692,PASS,,BR-1100,JJ-0725,1
681743,PASS,,RW-3850,KS-1750,0
681748,PASS,,BR-1100,AB-3500,0
681756,RUSH,TR-0112,,,0
682302,RUSH,AR-1300,,,0
682756,PASS,,JW-5650,AH-3862,0
682934,RUSH,MI-0100,,,1
683270,RUSH,JG-3850,,,1
683387,RUSH,JA-0450,,,1
683682,PASS,,BB-2425,JT-2000,0
684233,PASS,,DC-3200,AS-0900,0
684260,PASS,,AS-1600,TK-0150,1
684525,PASS,,BR-1100,WJ-0300,1
685724,PASS,,MM-0912,DM-1200,1
686858,PASS,,DC-0725,CW-0225,0
688703,RUSH,TT-0500,,,1
690231,PASS,,DC-0725,SR-0750,1
690439,PASS,,KC-2350,JC-5680,1
690798,PASS,,ZM-0150,AF-0200,0
691003,PASS,,RT-0150,DP-0350,0
691354,PASS,,BB-2425,RG-1812,0
691390,PASS,,,,0
691434,PASS,,BB-2425,CH-1200,1
691582,PASS,,MS-4100,GT-0100,0
692321,PASS,,AR-1300,JJ-4200,1
693518,PASS,,BR-1100,FT-0300,1
695634,PASS,,BR-1100,MW-1250,0
695688,RUSH,JH-4025,,,0
695977,PASS,,AR-1300,JA-0050,1
696673,PASS,,PM-0200,DT-0900,1
696873,PASS,,TB-2300,JE-0100,0
696998,RUSH,JN-0625,,,1
697021,PASS,,CN-0500,MT-1300,1
697198,PASS,,PM-0200,BF-0950,1
698325,PASS,,MM-0912,DM-4300,0
698464,PASS,,DC-0725,MC-2900,0
698477,PASS,,DC-0725,AC-2350,1
698498,PASS,,DC-0725,MC-2900,1
698807,PASS,,MR-2500,MS-0150,1
699113,PASS,,AL-1100,DA-0850,1
701387,PASS,,,,0
701850,RUSH,MR-2500,,,1
702075,PASS,,TS-1450,DT-0900,1
702855,PASS,,CP-0500,JB-6750,0
703209,PASS,,CK-0550,GB-0200,1
703400,RUSH,TS-1450,,,0
703675,RUSH,JM-3450,,,1
704229,PASS,,JW-5650,VJ-0100,0
704239,RUSH,CK-0250,,,0
704253,PASS,,JW-5650,VJ-0100,0
704426,RUSH,CH-5000,,,1
704893,PASS,,AL-1100,TH-1850,0
705182,RUSH,MI-0100,,,1
705861,RUSH,CN-0500,,,1
705881,PASS,,DA-1300,GO-0100,1
706228,PASS,,MS-4100,GT-0100,1
706356,PASS,,JF-1900,SS-2100,0
706399,PASS,,JF-1900,MW-0500,1
707443,PASS,,BR-1100,MW-1250,1
708425,PASS,,CW-1900,TP-2400,0
709684,PASS,,DC-0725,AC-2350,1
710000,PASS,,JW-5650,AH-3862,1
710591,PASS,,CN-0500,DF-2200,1
710923,PASS,,CK-0550,RL-1325,0
711445,PASS,,BR-1100,LB-0250,1
713170,PASS,,RT-0150,JL-0215,1
713224,PASS,,TT-0500,RB-4900,1
713394,PASS,,BK-0700,RS-3400,0
713622,RUSH,CW-1425,,,1
715186,RUSH,BB-2425,,,1
715708,RUSH,MR-2500,,,0
715765,RUSH,AR-1300,,,1
716133,PASS,,EM-0250,NO-0150,1
716312,PASS,,JM-2900,TP-2400,1
716458,PASS,,JW-5650,ME-0600,1
716638,PASS,,DB-3800,CF-0650,0
716826,PASS,,PR-0300,HH-0225,0
717014,PASS,,CP-0500,JN-0625,0
717476,PASS,,MR-2500,JJ-4700,0
717527,RUSH,JW-5650,,,0
717547,PASS,,MG-0850,BM-3800,1
718490,PASS,,JF-1900,SS-2100,1
719026,PASS,,AR-1300,DA-0212,0
719537,RUSH,TT-0500,,,1
719693,PASS,,JF-1900,KJ-1400,1
719873,RUSH,RM-1200,,,1
720339,RUSH,JS-6200,,,0
720346,PASS,,MM-0912,RM-1500,0
720566,PASS,,BB-2425,AR-1250,1
720710,PASS,,AS-1600,TK-0150,1
721231,PASS,,BR-1100,LG-0750,0
721254,PASS,,BR-1100,JJ-0725,0
721362,PASS,,BR-1100,FT-0300,0
721374,PASS,,DP-2037,DB-5300,0
721381,PASS,,BR-1100,AB-3500,0
721388,PASS,,DP-2037,DB-5300,0
721717,PASS,,RW-3850,DB-0500,0
722952,PASS,,BR-1100,DJ-1300,1
723857,PASS,,CW-1425,NA-0050,1
723955,RUSH,CT-1220,,,0
723988,RUSH,KC-2350,,,0
724455,PASS,,KC-2350,DC-0775,0
724790,PASS,,CP-0500,MF-0950,0
725109,RUSH,LM-1000,,,1
726215,PASS,,CN-0500,CB-3850,0
726228,PASS,,CN-0500,GO-0100,0
726254,PASS,,DC-0725,SR-0750,1
726433,PASS,,TB-2300,JW-2550,1
726613,PASS,,AS-1600,DH-1450,1
726972,PASS,,SB-1100,KR-1200,0
727274,PASS,,MS-4100,TJ-2350,0
727587,PASS,,MR-2500,DF-1875,0
727605,PASS,,MR-2500,AH-3650,1
727903,PASS,,RT-0150,JL-0215,0
728426,PASS,,DC-0725,SR-0750,1
728508,PASS,,BR-1100,AB-3500,0
728742,PASS,,JW-5650,ME-0600,1
729557,PASS,,CP-0500,DJ-1325,1
730820,PASS,,PR-0300,AG-0500,0
730975,PASS,,CW-1425,JM-1550,0
731002,PASS,,KC-2350,JR-1150,0
731152,RUSH,BP-0625,,,1
733000,RUSH,RM-1200,,,1
733125,PASS,,CW-1425,JM-1550,0
733435,PASS,,,,0
734235,PASS,,BR-1100,AB-3500,0
735143,RUSH,JM-3450,,,0
735580,RUSH,MI-0100,,,1
736122,PASS,,AL-1100,TH-1850,1
736276,PASS,,RW-3850,MR-0500,1
736482,RUSH,CK-0100,,,1
736728,PASS,,JF-1900,SS-2100,1
737630,PASS,,CN-0500,GO-0100,0
738288,PASS,,AR-1300,DA-0212,1
738789,PASS,,TB-2300,JE-0100,1
738939,RUSH,MI-0100,,,0
738965,PASS,,DB-3800,TH-1600,0
739575,PASS,,CC-4250,AC-2350,0
740251,PASS,,MM-4700,DP-0350,0
740908,PASS,,AS-1600,JM-0200,0
741056,RUSH,DP-2037,,,1
741207,RUSH,AR-0875,,,1
741234,RUSH,CM-2280,,,0
741410,PASS,,BR-1100,DW-3600,1
741559,RUSH,JW-2550,,,1
741579,PASS,,TB-2300,DA-0900,1
741848,RUSH,JR-3288,,,0
741910,PASS,,MS-4100,KG-0650,0
741930,PASS,,MS-4100,MJ-2250,0
741960,PASS,,CP-0500,JB-6950,0
742556,PASS,,JM-2900,RA-1125,0
742916,PASS,,CW-1425,AJ-0430,1
743069,RUSH,IC-0300,,,1
745479,PASS,,BB-2425,AH-3900,0
746435,PASS,,AR-1300,DA-0212,0
746790,PASS,,BH-1900,TT-0450,0
747670,PASS,,TB-2300,BC-2325,1
748615,PASS,,RW-3850,PR-0150,0
750178,PASS,,MS-4100,TJ-2350,1
750577,PASS,,DP-2037,TW-2270,0
750682,PASS,,BR-1100,AB-3500,0
750712,RUSH,TW-1350,,,1
751091,PASS,,JW-5650,DJ-0200,0
751104,PASS,,EM-0200,OB-0075,0
751705,PASS,,JB-5725,JD-2550,0
751741,PASS,,RW-3850,DB-0500,1
752927,PASS,,EM-0200,OB-0075,0
753921,PASS,,AR-1300,JN-0900,0
754064,PASS,,DW-1725,WF-0300,0
754090,PASS,,AS-1600,DH-1450,0
754113,PASS,,DW-1725,BE-0350,0
754127,RUSH,DW-1725,,,1
754255,RUSH,MT-1800,,,1
754381,RUSH,LB-0500,,,1
754633,PASS,,JF-1900,NB-0450,1
754732,PASS,,DW-1725,RG-1870,1
755962,RUSH,CS-1950,,,0
755984,PASS,,RF-0500,ME-0600,0
755988,RUSH,DM-0450,,,1
756020,PASS,,RF-0500,DJ-0200,0
758329,PASS,,DP-2037,BB-4100,0
759207,PASS,,RM-0300,BW-0700,0
759369,RUSH,JM-3450,,,1
759543,RUSH,MR-2500,,,0
759876,PASS,,MT-1800,KW-2550,0
760195,PASS,,PR-0300,AG-0500,0
760471,PASS,,CW-1425,AJ-0430,1
761238,PASS,,TS-1450,DT-0900,0
762869,PASS,,RW-3850,JM-3475,0
762896,PASS,,RW-3850,JG-2900,0
763220,RUSH,KD-1462,,,1
764160,PASS,,BB-2425,ML-0650,1
764703,RUSH,RF-0500,,,0
764859,PASS,,BR-1100,MB-4550,1
765365,RUSH,OD-0200,,,1
766494,RUSH,LF-0650,,,0
767001,RUSH,AK-0050,,,1
767649,PASS,,DC-0725,MC-2900,1
767775,RUSH,CC-2350,,,1
767788,PASS,,CW-1425,AJ-0430,1
767807,PASS,,CW-1425,ZE-0100,0
767812,PASS,,CW-1425,TB-3950,1
767989,PASS,,RW-3850,JG-2900,1
768283,PASS,,DP-2037,TW-2270,0
768771,PASS,,CN-0500,ED-0400,0
768792,RUSH,CN-0500,,,1
768798,PASS,,,,0
770267,PASS,,BG-0100,LF-0200,1
770355,PASS,,BR-1100,AB-3500,1
771052,PASS,,TS-1450,,0
771511,PASS,,,,0
771532,PASS,,BB-2425,ML-1500,1
771767,RUSH,EM-0950,,,1
774123,PASS,,CK-0250,BB-1550,1
774291,PASS,,DC-0725,MC-2900,1
775605,RUSH,LB-0250,,,0
775934,PASS,,BO-0650,CL-0275,1
777456,PASS,,BP-0625,JK-0250,0
777602,PASS,,,,0
777962,PASS,,TB-2300,RG-2200,1
779412,PASS,,BO-0650,CA-0750,1
780431,PASS,,BB-2425,BK-1050,1
780892,PASS,,TY-0100,DH-3950,0
781188,RUSH,MM-5750,,,0
781225,PASS,,DF-0150,DP-0350,0
782213,PASS,,BH-2300,RC-1500,1
782223,PASS,,GT-0100,MS-4100,1
782718,PASS,,JW-5650,ME-0600,1
782909,PASS,,EM-0200,TR-1050,0
783823,PASS,,MM-0912,RM-1500,0
783842,PASS,,,,0
785039,RUSH,CK-0250,,,0
785418,PASS,,NF-0250,AJ-0430,0
785524,PASS,,NF-0250,CC-2350,0
785700,RUSH,JA-0450,,,1
785809,PASS,,JF-1900,JB-6950,0
786944,RUSH,AK-0050,,,1
786958,PASS,,DB-3800,TG-0900,1
787102,RUSH,SB-0212,,,0
787193,PASS,,PR-0300,MW-2825,0
787259,PASS,,PR-0300,AG-0500,1
787282,RUSH,MG-1150,,,1
787440,PASS,,SB-1100,CK-0825,0
787591,RUSH,DP-2037,,,1
788447,PASS,,JF-1900,JA-1025,0
788960,PASS,,KC-2350,SD-0537,1
789123,RUSH,AK-0050,,,1
789385,PASS,,BR-1100,JC-4075,1
790002,RUSH,TG-1950,,,1
790039,RUSH,TG-1950,,,1
790063,PASS,,JG-1850,MB-3862,1
791041,PASS,,JL-0215,BM-0650,1
791216,PASS,,MR-2500,AH-3650,1
791235,PASS,,MR-2500,MS-0150,1
791737,PASS,,DW-1725,LM-1150,0
792046,PASS,,JG-0650,GK-0075,1
792391,PASS,,KC-2350,KR-1200,0
793649,PASS,,KC-2350,LM-1850,1
793819,PASS,,MR-2500,MS-0150,0
793866,PASS,,AD-0100,AG-1500,0
794493,PASS,,AL-1100,JW-3325,0
794515,PASS,,AL-1100,CR-1525,1
794690,PASS,,SD-0175,QE-0100,0
794720,PASS,,BB-2425,DW-2275,0
795267,PASS,,BM-0650,AC-0237,0
795278,RUSH,DJ-1850,,,1
795323,RUSH,DJ-1850,,,1
795413,PASS,,DC-0725,JN-0900,1
795515,PASS,,PR-0300,MG-1150,1
795744,PASS,,EM-0200,SS-1250,1
795838,PASS,,BR-1100,JC-4075,1
796565,PASS,,EM-0200,RE-0400,1
797052,PASS,,AR-1300,JW-3650,1
797075,PASS,,AR-1300,MV-0012,0
797468,PASS,,CK-0250,DT-0900,0
797909,RUSH,WS-0650,,,1
797957,RUSH,BP-0750,,,0
798089,PASS,,CB-1145,PG-0100,0
798122,PASS,,CB-1145,GK-0075,0
798531,RUSH,TH-1625,,,0
798597,PASS,,AS-1600,CT-1220,0
798908,PASS,,JW-5650,ME-0600,0
799109,PASS,,BR-1100,JS-4750,1
799252,PASS,,BM-0650,AC-0237,1
799565,PASS,,BO-0650,KS-2350,1
800236,PASS,,CN-0500,TS-2300,1
801363,PASS,,MM-0912,TT-0150,0
801595,RUSH,MM-0050,,,1
802112,RUSH,LB-0500,,,0
802472,PASS,,CN-0500,JW-6560,1
803312,PASS,,EM-0200,OB-0075,0
803332,RUSH,SB-0212,,,1
803594,PASS,,BB-2425,DW-2275,0
803785,PASS,,CN-0500,CM-1225,0
804152,PASS,,RF-0500,CG-1425,1
804425,RUSH,PL-0275,,,0
804812,PASS,,BM-0650,SD-0534,0
804910,PASS,,AL-1100,CR-1525,1
805129,PASS,,JR-3250,LF-0200,1
805216,RUSH,TG-1950,,,0
805241,PASS,,JG-1850,TG-1950,1
805592,PASS,,TB-2300,CP-0750,0
806089,PASS,,NP-0182,TP-2400,0
806337,PASS,,BM-0650,DR-0550,0
806360,PASS,,BM-0650,JL-0215,0
806407,PASS,,,,0
807115,PASS,,PR-0300,AG-0500,0
807373,PASS,,JG-1850,GE-0400,1
807991,PASS,,MT-1800,TB-3950,1
808015,PASS,,MS-4100,KG-0650,0
808023,PASS,,MS-4100,KG-0650,0
808329,PASS,,,,0
808574,RUSH,MM-0050,,,1
808784,PASS,,PM-0025,TK-0150,0
809557,RUSH,TG-1950,,,0
810358,RUSH,GE-0150,,,1
810451,PASS,,MT-1800,JB-2950,1
810524,PASS,,MT-1800,AS-0775,1
810539,PASS,,KC-2350,AT-0350,1
810561,PASS,,KC-2350,KR-1200,0
810713,PASS,,CN-0500,JW-6560,0
811638,RUSH,CK-0250,,,0
811789,PASS,,BR-1100,JJ-0725,0
812108,PASS,,CD-0300,AR-1250,0
812144,PASS,,MS-4100,KG-0650,0
813492,PASS,,EM-0200,EP-0350,0
813553,RUSH,CC-2350,,,1
813612,RUSH,JA-0275,,,1
814724,PASS,,MR-2500,AH-3650,0
815388,PASS,,BM-0650,AC-0237,0
815682,PASS,,JA-1087,ZJ-0100,1
816021,PASS,,PR-0300,AG-0500,1
816030,PASS,,PR-0300,KA-0650,1
816347,RUSH,JR-2075,,,0
816876,RUSH,NM-0687,,,0
817035,PASS,,CW-1425,GT-0100,1
818520,RUSH,AK-0050,,,1
818709,PASS,,JJ-3500,VD-0100,1
818719,PASS,,JJ-3500,MF-0950,1
818820,PASS,,JD-2850,GB-0350,0
818891,PASS,,,,0
819702,PASS,,RW-3850,TL-1025,1
819877,PASS,,PR-0300,MW-2825,1
820296,PASS,,MR-2500,MH-0225,0
820424,RUSH,BA-0850,,,0
820569,PASS,,,,0
820780,PASS,,AR-1300,DA-0212,1
822265,PASS,,DB-3800,MT-0875,1
822607,RUSH,GE-0150,,,0
823205,PASS,,JD-2850,CC-4450,1
823709,PASS,,,,0
823883,RUSH,AR-1300,,,1
823973,PASS,,,,0
824458,PASS,,BR-1100,ER-0462,1
824710,RUSH,PM-0025,,,1
825794,PASS,,MT-1800,NK-0800,1
826243,PASS,,EM-0200,EE-0400,1
826300,PASS,,DP-2037,MG-0175,1
826605,PASS,,JW-5650,CG-1425,0
826613,PASS,,JW-5650,AH-3862,0
827060,PASS,,CK-0250,CS-4462,1
827254,PASS,,NM-0687,TT-0450,1
827385,RUSH,DJ-1325,,,1
827697,RUSH,MD-0150,,,1
827744,RUSH,CC-0750,,,1
827860,PASS,,PR-0300,MW-2825,1
828038,PASS,,MT-1800,TG-0025,0
828063,RUSH,WS-0650,,,0
828354,PASS,,DP-2037,AC-2350,1
828560,PASS,,PR-0300,KA-0650,1
828591,PASS,,PR-0300,MW-2825,0
